<?xml version="1.0" encoding="UTF-8"?>
<Configuration status="WARN" monitorInterval="60">
    <Properties>
        <Property name="PATTERN_LAYOUT">%d{yyyy-MM-dd HH:mm:ss} [%-5p] [%t] [%C{2}::%M] %m%n</Property>
        <Property name="LOG_HOME">${sys:proc.home}/log</Property>
    </Properties>

    <Appenders>
        <!-- 控制台输出 -->
        <Console name="Console" target="SYSTEM_OUT" follow="true">
            <PatternLayout pattern="${PATTERN_LAYOUT}"/>
            <ThresholdFilter level="DEBUG" onMatch="ACCEPT" onMismatch="DENY" />
        </Console>
        <!-- Rolling文件 Hbase  -->
        <RollingRandomAccessFile name="fileHbase"
                                 fileName="${LOG_HOME}/hbase.log"
                                 filePattern="${LOG_HOME}/hbase.%d{yyyy-MM-dd}.%i.log">
            <PatternLayout pattern="${PATTERN_LAYOUT}"/>
            <Policies>
                <TimeBasedTriggeringPolicy interval="1" modulate="true" />
                <SizeBasedTriggeringPolicy size="250 MB"/>
            </Policies>
        </RollingRandomAccessFile>
        <!-- Rolling文件 Hbase  -->
        <RollingRandomAccessFile name="fileHbaseRecRes"
                                 fileName="${LOG_HOME}/hbase_rec_res.log"
                                 filePattern="${LOG_HOME}/hbase_rec_res.%d{yyyy-MM-dd}.%i.log">
            <PatternLayout pattern="${PATTERN_LAYOUT}"/>
            <Policies>
                <TimeBasedTriggeringPolicy interval="1" modulate="true" />
                <SizeBasedTriggeringPolicy size="250 MB"/>
            </Policies>
        </RollingRandomAccessFile>
        <!-- Rolling文件 Redis -->
        <RollingRandomAccessFile name="fileRedis"
                                 fileName="${LOG_HOME}/redis.log"
                                 filePattern="${LOG_HOME}/redis.%d{yyyy-MM-dd}.%i.log">
            <PatternLayout pattern="${PATTERN_LAYOUT}"/>
            <Policies>
                <TimeBasedTriggeringPolicy interval="1" modulate="true" />
                <SizeBasedTriggeringPolicy size="250 MB"/>
            </Policies>
        </RollingRandomAccessFile>
    </Appenders>

    <Loggers>
        <Logger name="com.meritco.walmart.dc.hbase" level="DEBUG" additivity="false">
        	<AppenderRef ref="Console"/>
            <AppenderRef ref="fileHbase"/>
        </Logger>
        <Logger name="com.meritco.walmart.dc.hbase_rec_res" level="DEBUG" additivity="false">
        	<AppenderRef ref="Console"/>
            <AppenderRef ref="fileHbaseRecRes"/>
        </Logger>
        <Logger name="com.meritco.walmart.dc.redis" level="DEBUG" additivity="false">
        	<AppenderRef ref="Console"/>
            <AppenderRef ref="fileRedis"/>
        </Logger> 
        <root level="ERROR">
        	<AppenderRef ref="Console"/>
        </root>    
    </Loggers>
</Configuration>