﻿<?xml version="1.0" encoding="UTF-8"?>
<beans xmlns="http://www.springframework.org/schema/beans"
  xmlns:xsi="http://www.w3.org/2001/XMLSchema-instance"
  xmlns:aop="http://www.springframework.org/schema/aop"
  xmlns:tx="http://www.springframework.org/schema/tx"
  xmlns:task="http://www.springframework.org/schema/task"
  xmlns:ctx="http://www.springframework.org/schema/context"
  xmlns:sec="http://www.springframework.org/schema/security"
  xsi:schemaLocation="http://www.springframework.org/schema/beans
    http://www.springframework.org/schema/beans/spring-beans.xsd
    http://www.springframework.org/schema/aop
    http://www.springframework.org/schema/aop/spring-aop.xsd
    http://www.springframework.org/schema/tx
    http://www.springframework.org/schema/tx/spring-tx.xsd
    http://www.springframework.org/schema/task
    http://www.springframework.org/schema/task/spring-task.xsd
    http://www.springframework.org/schema/context
    http://www.springframework.org/schema/context/spring-context.xsd
    http://www.springframework.org/schema/security
    http://www.springframework.org/schema/security/spring-security.xsd">
    
	<description>cron service</description>

	<bean id="logRotateTask" class="com.meritco.future.plat.log.LogRotateTask">
		<property name="txtRetainDays" value="3" />
		<property name="zipRetainMonths" value="12" />
	</bean>
				
	<task:scheduler id="logRotateTaskTrigger" pool-size="1" />
	<task:scheduled-tasks scheduler="logRotateTaskTrigger">
		<task:scheduled ref="logRotateTask" method="rotateLog" 
			cron="0 0 1 * * ?" />
	</task:scheduled-tasks>
 
</beans>
