﻿<?xml version="1.0" encoding="UTF-8"?>
<beans xmlns="http://www.springframework.org/schema/beans"
	xmlns:xsi="http://www.w3.org/2001/XMLSchema-instance" xmlns:aop="http://www.springframework.org/schema/aop"
	xmlns:tx="http://www.springframework.org/schema/tx" xmlns:task="http://www.springframework.org/schema/task"
	xmlns:ctx="http://www.springframework.org/schema/context" xmlns:sec="http://www.springframework.org/schema/security"
	xmlns:mybatis="http://mybatis.org/schema/mybatis-spring"
	xsi:schemaLocation="http://www.springframework.org/schema/beans
    http://www.springframework.org/schema/beans/spring-beans.xsd
    http://www.springframework.org/schema/aop
    http://www.springframework.org/schema/aop/spring-aop.xsd
    http://www.springframework.org/schema/tx
    http://www.springframework.org/schema/tx/spring-tx.xsd
    http://www.springframework.org/schema/task
    http://www.springframework.org/schema/task/spring-task.xsd
    http://www.springframework.org/schema/context
    http://www.springframework.org/schema/context/spring-context.xsd
    http://www.springframework.org/schema/security
    http://www.springframework.org/schema/security/spring-security.xsd
    http://mybatis.org/schema/mybatis-spring 
    http://mybatis.org/schema/mybatis-spring.xsd">

	<description>walmart_rt</description>
	
<bean id="jedisPoolConfig" class="redis.clients.jedis.JedisPoolConfig">
		<property name="maxTotal" value="${redis.maxTotal}" />
		<property name="maxIdle" value="${redis.maxIdle}" />
<!-- 		<property name="maxWaitMillis" value="${redis.maxWaitMills}" />
		<property name="testOnBorrow" value="${redis.testOnBorrow}" />
		<property name="testOnReturn" value="${redis.testOnReturn}" /> -->
	</bean>

	<bean id="jedisSentinelPool" class="redis.clients.jedis.JedisSentinelPool">
		<constructor-arg index="0" value="mymaster" />
		<constructor-arg index="1">
			<set>
				<value>192.168.0.154:26379</value>
				<value>192.168.0.155:26379</value>
				<value>192.168.0.156:26379</value>
			</set>
		</constructor-arg>
		<constructor-arg index="2" ref="jedisPoolConfig" />
		<constructor-arg index="3" value="10000" />
		<constructor-arg index="4" value="hadoop" />
	</bean>
	
<!-- 	<bean id="shardedJedisPool" class="redis.clients.jedis.ShardedJedisPool" destroy-method="close">
		<constructor-arg index="0" ref="jedisPoolConfig" />
		<constructor-arg index="1">
			<list>
				<bean class="redis.clients.jedis.JedisSharedInfo">
				<constructor-arg index="0" value="{redis.node1.host}"/>
				<constructor-arg index="1" value="{redis.node1.port}"/>
				</bean>
			</list>
		</constructor-arg>
	</bean> -->

	<!-- 使用annotation定义DAO和Service  -->
	<ctx:component-scan base-package="com.meritco.walmart.rt" />

</beans>
